month_of_year,day_of_month,day_of_week,time_of_day,location_lat,location_lon,segment_id,vehicle_count,vehicle_type_1,vehicle_type_2,vehicle_type_3,vehicle_speed_1,vehicle_speed_2,vehicle_speed_3,weather_condition,road_condition,segment_accident_count,segment_accident_density,accident_occurrence
8,13,2,4,6.045512,80.35346,961722,2,4,5,0,49.3,49.7,0,1,1,4,0.2667,0
3,14,1,2,5.932689,81.260265,575763,2,4,7,0,38.7,12.4,0,1,6,7,0.5,0
1,12,5,3,7.685311,80.20283,642717,3,3,5,9,108.4,20.6,51.9,4,2,1,0.0714,0
10,24,6,1,8.172988,80.191884,698782,1,8,0,0,17.4,0,0,1,4,6,0.4,0
5,12,5,2,7.871994,81.622843,787277,1,5,0,0,22.8,0,0,2,7,3,0.2143,0
9,12,1,2,9.077313,80.074614,595948,2,5,6,0,53.4,33.4,0,1,3,4,0.3333,0
3,16,1,2,7.008846,80.732474,349565,3,2,6,7,70.7,15.0,13.9,1,1,5,0.3846,0
5,1,5,4,8.770886,80.014388,660086,1,2,0,0,51.5,0,0,1,3,6,0.3158,0
8,14,6,4,8.387613,80.16054,842225,1,1,0,0,33.9,0,0,1,1,2,0.1538,0
3,27,4,1,6.319642,80.497238,452944,2,5,6,0,64.9,32.7,0,3,3,2,0.1667,0
4,19,7,4,7.746066,81.275839,531071,1,3,0,0,99.0,0,0,4,1,1,0.1111,0
8,10,1,1,9.552052,81.334241,322086,3,1,5,8,35.9,99.4,46.6,1,2,4,0.2105,1
9,8,6,3,8.177447,81.221195,479201,1,6,0,0,39.6,0,0,3,8,2,0.1667,1
9,1,4,2,8.855932,81.363975,663054,2,2,3,0,45.6,78.5,0,1,2,7,0.3889,0
9,3,2,4,7.42444,80.978831,166613,2,3,9,0,53.6,58.1,0,4,2,4,0.2857,1
8,23,4,2,9.264292,81.582259,183667,1,8,0,0,11.8,0,0,1,5,2,0.1818,0
2,19,1,2,8.781759,81.469732,189814,2,1,9,0,39.7,21.2,0,4,5,3,0.2727,1
12,14,1,1,7.746066,81.275839,531071,2,2,3,0,64.2,99.3,0,1,3,1,0.1111,0
1,10,4,4,6.319642,80.497238,452944,2,4,9,0,60.0,33.6,0,2,1,2,0.1667,0
11,8,3,1,9.346597,80.351732,694731,2,6,7,0,56.8,14.9,0,1,1,1,0.1111,0
9,5,4,3,8.002881,79.930446,897549,2,1,5,0,15.7,16.9,0,5,6,2,0.1818,0
5,26,1,3,5.996154,81.72189,612340,3,1,2,5,14.6,73.8,70.8,1,2,2,0.1538,0
9,19,6,1,8.770886,80.014388,660086,3,1,2,6,27.6,65.1,45.6,2,1,6,0.3158,1
3,26,3,3,9.552052,81.334241,322086,1,5,0,0,74.5,0,0,7,2,4,0.2105,0
11,1,1,4,8.781759,81.469732,189814,1,9,0,0,20.0,0,0,1,3,3,0.2727,0
5,15,4,4,7.778354,80.876062,791798,2,1,4,0,14.8,29.6,0,1,5,5,0.3125,0
3,1,2,1,8.816011,80.866167,809570,2,1,4,0,16.3,65.4,0,3,2,3,0.2,0
9,3,2,1,7.42444,80.978831,166613,2,4,6,0,60.9,33.3,0,3,2,4,0.2857,0
2,23,6,2,9.281174,79.808012,132938,2,2,9,0,79.7,26.1,0,1,5,3,0.25,0
2,9,2,2,9.286912,79.990836,149405,1,9,0,0,61.1,0,0,1,2,2,0.2222,0
9,24,6,2,7.241915,80.961928,167136,2,2,5,0,77.5,56.9,0,3,2,7,0.3333,0
12,4,1,2,9.281174,79.808012,132938,1,7,0,0,4.3,0,0,3,1,3,0.25,0
8,11,7,4,7.241915,80.961928,167136,3,3,5,9,83.6,79.7,73.4,1,4,7,0.3333,1
4,25,5,4,7.802111,81.57817,609231,2,5,8,0,69.6,25.1,0,1,5,2,0.1667,0
12,13,7,2,9.074489,80.183979,972064,1,5,0,0,24.7,0,0,6,1,1,0.0625,0
9,20,6,3,7.560322,80.651736,671412,2,1,2,0,37.9,32.5,0,2,6,7,0.3889,1
2,12,5,2,6.045512,80.35346,961722,2,2,8,0,23.6,10.7,0,1,5,4,0.2667,1
10,16,7,4,6.975496,81.713622,497887,2,1,6,0,35.9,54.0,0,4,6,5,0.4545,0
9,15,6,2,6.896743,81.708882,585100,1,2,0,0,22.2,0,0,1,4,2,0.2,0
4,27,7,3,7.778354,80.876062,791798,3,1,2,7,21.2,57.6,7.3,1,4,5,0.3125,1
5,13,3,2,8.461023,80.626963,804314,1,7,0,0,6.3,0,0,7,2,2,0.2,0
2,18,6,2,9.264292,81.582259,183667,3,2,4,6,48.7,85.7,39.0,7,1,2,0.1818,0
1,1,2,2,7.066327,81.051867,678856,3,2,3,6,62.3,86.2,39.3,2,1,0,0.0,0
12,14,7,4,8.855932,81.363975,663054,1,9,0,0,75.5,0,0,6,5,7,0.3889,1
7,13,1,4,7.871994,81.622843,787277,3,1,4,8,23.9,50.0,41.0,1,4,3,0.2143,0
9,9,4,2,6.045512,80.35346,961722,2,1,5,0,22.6,23.6,0,3,3,4,0.2667,0
7,7,6,2,7.988837,81.815505,590785,1,5,0,0,22.9,0,0,2,1,2,0.1538,0
8,22,2,3,7.006877,81.067576,498591,2,5,6,0,16.8,58.3,0,3,6,2,0.125,0
3,21,6,1,6.829704,80.992502,329258,2,3,5,0,90.0,91.9,0,3,2,2,0.2857,0
4,8,2,2,7.802111,81.57817,609231,2,2,9,0,75.2,74.1,0,3,3,2,0.1667,0
12,19,7,3,7.086919,81.074857,755674,1,2,0,0,66.1,0,0,1,5,2,0.25,0
6,26,4,4,6.178797,81.686294,380746,1,1,0,0,38.6,0,0,4,1,4,0.3636,0
1,3,2,2,7.912248,79.852728,245051,1,8,0,0,12.2,0,0,3,4,4,0.5,0
4,27,1,2,7.714111,80.240683,774079,1,2,0,0,53.8,0,0,1,4,2,0.25,0
6,28,6,1,8.924106,79.774742,983794,1,8,0,0,50.8,0,0,2,2,3,0.2308,0
4,17,3,2,7.066327,81.051867,678856,2,1,4,0,37.4,51.1,0,1,2,0,0.0,0
1,16,7,3,6.975496,81.713622,497887,2,5,6,0,43.9,54.0,0,4,1,5,0.4545,1
6,21,4,2,7.912248,79.852728,245051,1,2,0,0,41.8,0,0,5,1,4,0.5,0
8,12,4,4,8.002881,79.930446,897549,3,1,5,8,10.8,80.2,14.4,1,7,2,0.1818,0
11,2,3,4,8.028972,81.386337,269396,2,1,5,0,25.9,77.4,0,6,1,2,0.25,1
7,9,5,2,6.527925,81.784585,391369,2,2,4,0,36.8,38.4,0,1,5,2,0.2,0
11,22,5,2,8.816011,80.866167,809570,2,5,8,0,74.0,14.7,0,3,2,3,0.2,0
8,7,3,2,7.560322,80.651736,671412,2,5,7,0,27.7,14.5,0,1,3,7,0.3889,1
10,15,2,3,6.896743,81.708882,585100,2,2,8,0,20.6,16.7,0,2,4,2,0.2,0
9,8,2,2,8.816011,80.866167,809570,1,5,0,0,92.4,0,0,1,4,3,0.2,0
9,26,7,4,6.544268,80.59243,944962,2,2,9,0,65.2,36.6,0,3,1,2,0.1667,0
8,2,5,2,7.241915,80.961928,167136,1,4,0,0,42.4,0,0,1,3,7,0.3333,0
11,23,4,2,8.097673,81.17669,821590,1,1,0,0,27.4,0,0,3,5,5,0.3333,1
9,2,7,1,6.949851,80.766307,854639,2,2,4,0,53.7,54.0,0,7,5,4,0.3333,0
11,21,1,1,9.552052,81.334241,322086,2,6,7,0,51.4,7.3,0,1,5,4,0.2105,0
9,7,5,2,6.199184,81.066002,779514,1,9,0,0,55.3,0,0,4,4,4,0.3077,0
8,6,2,1,7.560322,80.651736,671412,2,4,5,0,50.4,43.4,0,5,5,7,0.3889,1
2,12,1,1,5.977703,79.857976,976638,1,7,0,0,9.4,0,0,3,4,8,0.5333,1
7,18,5,3,6.829704,80.992502,329258,3,1,6,8,27.4,58.1,14.0,4,2,2,0.2857,0
9,4,6,4,6.544268,80.59243,944962,1,2,0,0,41.8,0,0,2,1,2,0.1667,0
6,15,1,2,8.579908,79.90545,112038,3,3,4,8,25.3,69.4,18.9,1,1,3,0.25,0
11,8,7,1,7.912248,79.852728,245051,3,7,8,9,7.6,17.3,96.7,1,5,4,0.5,1
2,2,4,4,6.199184,81.066002,779514,2,8,9,0,17.0,89.9,0,2,1,4,0.3077,1
8,3,6,1,6.963883,81.73874,802729,2,8,9,0,20.2,68.5,0,2,4,1,0.0769,0
7,1,2,2,8.50554,81.373942,148050,1,1,0,0,27.7,0,0,1,2,6,0.4286,0
8,23,2,1,5.996154,81.72189,612340,1,3,0,0,60.0,0,0,2,1,2,0.1538,0
5,26,7,2,7.778354,80.876062,791798,1,4,0,0,65.3,0,0,6,5,5,0.3125,1
10,27,2,2,9.286912,79.990836,149405,2,7,8,0,8.9,49.4,0,4,3,2,0.2222,0
3,23,7,4,7.335406,81.874036,518801,3,5,6,8,93.6,57.0,58.6,2,2,6,0.6,1
12,4,4,4,8.924106,79.774742,983794,2,2,6,0,40.5,40.2,0,1,5,3,0.2308,1
11,12,1,2,8.177447,81.221195,479201,1,7,0,0,9.4,0,0,7,1,2,0.1667,0
8,8,6,2,9.074489,80.183979,972064,3,6,7,9,24.2,8.6,71.9,2,2,1,0.0625,0
12,24,2,4,8.172988,80.191884,698782,1,6,0,0,15.0,0,0,1,1,6,0.4,0
3,25,6,4,7.685311,80.20283,642717,2,6,8,0,53.2,41.4,0,1,1,1,0.0714,0
9,19,2,4,6.949851,80.766307,854639,3,1,8,9,28.8,51.8,21.3,6,1,4,0.3333,0
6,25,4,4,9.079367,81.558806,564656,3,2,3,8,24.1,83.4,59.7,3,1,3,0.2143,0
3,16,2,4,8.496623,80.440084,201639,3,6,7,8,12.8,9.3,38.2,3,3,5,0.2941,1
3,3,5,2,6.706501,80.345127,823378,1,5,0,0,61.0,0,0,2,5,0,0.0,0
11,7,5,4,6.199184,81.066002,779514,2,5,6,0,22.9,57.6,0,1,1,4,0.3077,0
3,15,3,2,6.355304,81.303658,770487,3,6,8,9,45.3,33.7,43.2,7,8,2,0.1818,0
9,22,2,3,7.871994,81.622843,787277,3,7,8,9,10.6,39.9,63.5,1,1,3,0.2143,0
3,4,2,2,7.008846,80.732474,349565,1,4,0,0,75.7,0,0,3,4,5,0.3846,0
8,4,4,4,6.697455,81.099242,688508,1,6,0,0,10.6,0,0,6,2,1,0.1111,0
5,16,4,4,9.084873,79.664492,391704,1,7,0,0,4.6,0,0,1,6,1,0.1111,0
9,7,1,3,7.685311,80.20283,642717,1,7,0,0,3.3,0,0,1,1,1,0.0714,0
10,7,7,1,6.949851,80.766307,854639,2,7,9,0,12.4,94.3,0,4,5,4,0.3333,0
1,9,7,1,7.066327,81.051867,678856,1,5,0,0,21.4,0,0,2,3,0,0.0,0
1,11,4,3,8.924106,79.774742,983794,1,1,0,0,14.2,0,0,3,5,3,0.2308,0
12,5,6,4,9.724883,80.494132,230889,3,4,5,8,50.8,30.7,12.6,7,2,5,0.4167,0
8,3,1,1,6.975496,81.713622,497887,2,3,6,0,79.1,58.3,0,5,5,5,0.4545,1
3,7,6,2,6.896743,81.708882,585100,2,3,4,0,50.9,69.4,0,3,1,2,0.2,0
1,18,5,2,6.355304,81.303658,770487,2,1,6,0,16.1,57.1,0,3,5,2,0.1818,0
4,26,6,4,7.778354,80.876062,791798,2,2,5,0,75.2,65.7,0,1,2,5,0.3125,0
5,27,3,2,9.552052,81.334241,322086,1,4,0,0,62.7,0,0,1,2,4,0.2105,1
11,28,6,4,8.002881,79.930446,897549,3,1,5,9,24.6,56.3,67.3,3,4,2,0.1818,0
11,5,1,4,8.924106,79.774742,983794,2,2,6,0,26.6,22.5,0,4,5,3,0.2308,0
3,15,7,4,9.233703,80.996309,476417,2,2,3,0,66.7,113.8,0,4,1,3,0.1579,0
3,23,5,2,8.50554,81.373942,148050,1,6,0,0,35.2,0,0,2,8,6,0.4286,0
6,10,6,3,8.172988,80.191884,698782,2,2,8,0,36.2,36.0,0,3,1,6,0.4,0
6,14,2,2,9.077313,80.074614,595948,2,3,9,0,37.5,68.8,0,2,4,4,0.3333,0
6,21,6,1,7.006877,81.067576,498591,1,8,0,0,57.2,0,0,1,1,2,0.125,0
6,20,6,1,6.355304,81.303658,770487,1,7,0,0,6.6,0,0,2,2,2,0.1818,0
8,19,2,4,7.988837,81.815505,590785,1,1,0,0,25.1,0,0,6,5,2,0.1538,0
2,2,2,2,6.1178,81.8784,202664,2,7,8,0,14.4,23.5,0,2,3,5,0.3125,1
10,11,3,2,9.281174,79.808012,132938,2,6,7,0,28.3,7.8,0,2,3,3,0.25,0
5,18,5,4,6.555978,80.442254,482554,2,4,5,0,29.4,57.6,0,1,2,2,0.1818,1
7,10,3,3,8.172988,80.191884,698782,1,3,0,0,51.6,0,0,7,5,6,0.4,1
1,13,5,3,8.387613,80.16054,842225,2,6,7,0,26.8,11.2,0,2,1,2,0.1538,0
7,27,5,1,8.50554,81.373942,148050,3,2,4,8,60.8,44.1,53.9,5,3,6,0.4286,1
6,2,2,2,8.220801,79.666036,341292,3,2,4,5,49.3,54.7,72.9,1,5,2,0.25,0
3,6,3,1,8.770886,80.014388,660086,2,1,2,0,39.3,79.6,0,2,3,6,0.3158,0
10,24,6,1,8.220801,79.666036,341292,2,5,7,0,66.8,6.8,0,3,8,2,0.25,0
11,10,4,3,9.233703,80.996309,476417,2,7,9,0,13.2,88.2,0,1,7,3,0.1579,0
4,5,2,4,8.028972,81.386337,269396,2,2,5,0,75.0,21.4,0,7,1,2,0.25,0
2,16,1,4,8.855932,81.363975,663054,1,5,0,0,28.7,0,0,1,2,7,0.3889,1
4,12,6,4,7.42444,80.978831,166613,1,9,0,0,59.7,0,0,1,7,4,0.2857,0
1,17,1,1,7.560322,80.651736,671412,2,3,7,0,104.3,5.8,0,4,1,7,0.3889,0
8,1,4,4,7.778354,80.876062,791798,2,5,7,0,37.0,10.6,0,3,5,5,0.3125,0
3,3,3,2,7.905035,79.887296,287330,2,4,5,0,39.9,92.5,0,2,4,6,0.2609,0
3,1,4,4,7.494249,80.406645,163556,2,2,4,0,47.7,76.3,0,1,1,3,0.25,0
11,3,1,3,7.746066,81.275839,531071,1,6,0,0,54.9,0,0,6,2,1,0.1111,0
11,8,1,1,8.781759,81.469732,189814,1,8,0,0,15.0,0,0,5,1,3,0.2727,0
12,28,1,1,7.560322,80.651736,671412,1,3,0,0,106.9,0,0,5,1,7,0.3889,0
6,1,4,1,8.496623,80.440084,201639,1,2,0,0,65.4,0,0,3,4,5,0.2941,1
1,15,3,4,6.555978,80.442254,482554,2,4,7,0,55.1,10.3,0,2,6,2,0.1818,0
1,25,3,2,7.905035,79.887296,287330,2,3,8,0,64.0,56.2,0,1,4,6,0.2609,1
3,24,4,3,8.50554,81.373942,148050,1,2,0,0,77.0,0,0,6,5,6,0.4286,1
5,25,6,4,7.912248,79.852728,245051,1,6,0,0,27.1,0,0,2,3,4,0.5,1
5,24,5,3,6.089891,80.674517,946335,3,3,4,5,37.9,21.0,60.4,1,8,4,0.3077,0
9,18,4,3,7.241915,80.961928,167136,3,6,8,9,15.5,30.8,44.6,6,6,7,0.3333,0
1,23,5,4,7.871994,81.622843,787277,3,3,7,8,78.9,11.9,48.1,4,1,3,0.2143,1
10,5,1,4,8.220801,79.666036,341292,3,1,4,6,35.8,74.3,32.9,1,2,2,0.25,0
3,15,5,4,8.475011,81.090981,806073,3,2,6,7,31.1,40.2,9.9,6,1,4,0.3333,0
4,22,6,2,7.778354,80.876062,791798,3,4,6,7,77.2,13.6,11.2,1,4,5,0.3125,1
11,11,2,3,6.697742,80.483828,738551,3,4,6,8,79.3,49.4,52.0,3,1,2,0.25,1
7,18,1,3,6.829704,80.992502,329258,2,1,6,0,37.3,47.7,0,2,5,2,0.2857,0
7,17,2,3,9.074489,80.183979,972064,2,2,3,0,39.9,109.7,0,3,2,1,0.0625,0
6,9,6,3,8.781759,81.469732,189814,2,7,8,0,7.8,55.6,0,1,4,3,0.2727,0
10,3,7,1,7.066327,81.051867,678856,2,2,4,0,68.3,49.8,0,5,8,0,0.0,0
8,1,1,4,7.008846,80.732474,349565,2,4,9,0,60.8,23.9,0,1,3,5,0.3846,0
2,15,2,4,9.077313,80.074614,595948,3,5,6,8,84.3,54.6,31.3,6,2,4,0.3333,1
8,1,1,1,8.002881,79.930446,897549,2,5,7,0,29.5,7.5,0,4,1,2,0.1818,1
6,14,7,4,9.286912,79.990836,149405,1,9,0,0,57.3,0,0,2,5,2,0.2222,0
9,20,2,4,6.555978,80.442254,482554,1,7,0,0,7.5,0,0,7,1,2,0.1818,1
1,23,7,2,8.205731,81.652145,883300,2,5,6,0,91.8,44.3,0,3,1,1,0.0909,0
2,11,2,4,8.097673,81.17669,821590,3,3,6,8,81.8,37.9,16.9,1,2,5,0.3333,0
12,24,7,3,6.792754,81.292331,356787,1,8,0,0,56.7,0,0,2,1,3,0.3333,0
1,16,6,1,9.724883,80.494132,230889,2,2,7,0,43.5,11.5,0,6,3,5,0.4167,0
7,11,1,2,9.286912,79.990836,149405,2,4,7,0,20.6,3.5,0,5,2,2,0.2222,0
10,1,1,3,6.892246,80.074166,214576,2,3,5,0,64.4,16.5,0,1,1,2,0.3333,0
4,22,2,3,9.281174,79.808012,132938,1,7,0,0,7.3,0,0,4,1,3,0.25,0
3,16,3,3,6.178797,81.686294,380746,3,3,5,6,88.3,92.3,34.9,1,5,4,0.3636,0
11,23,7,1,9.552052,81.334241,322086,1,5,0,0,91.8,0,0,1,5,4,0.2105,0
3,27,4,3,7.988837,81.815505,590785,2,7,9,0,10.0,78.7,0,4,7,2,0.1538,0
7,7,4,2,6.544268,80.59243,944962,2,5,6,0,18.7,54.3,0,2,5,2,0.1667,0
10,5,6,3,7.086919,81.074857,755674,2,3,8,0,44.3,49.9,0,1,1,2,0.25,0
3,10,1,4,6.199184,81.066002,779514,1,1,0,0,30.3,0,0,1,2,4,0.3077,1
8,20,5,3,8.770886,80.014388,660086,2,1,2,0,16.7,71.4,0,1,1,6,0.3158,1
10,14,4,1,9.01703,80.591417,267753,2,4,8,0,46.3,36.9,0,2,7,2,0.2857,1
7,9,7,3,6.437339,81.736197,665427,2,1,6,0,29.5,56.3,0,4,1,3,0.3,1
7,1,4,3,7.988837,81.815505,590785,2,2,6,0,63.9,36.6,0,2,1,2,0.1538,0
5,20,5,1,9.264292,81.582259,183667,1,4,0,0,41.4,0,0,1,4,2,0.1818,0
6,15,3,2,7.685311,80.20283,642717,1,9,0,0,85.9,0,0,2,1,1,0.0714,0
6,15,3,4,6.1178,81.8784,202664,1,6,0,0,40.2,0,0,4,2,5,0.3125,1
10,27,2,4,8.579908,79.90545,112038,2,3,5,0,37.8,15.2,0,4,3,3,0.25,0
7,15,7,3,7.569714,79.716448,719176,2,1,2,0,12.5,38.9,0,7,1,3,0.2308,1
1,20,3,2,7.569714,79.716448,719176,2,5,7,0,23.4,4.7,0,6,1,3,0.2308,0
5,24,7,3,7.905035,79.887296,287330,3,4,5,9,87.4,53.7,52.3,1,1,6,0.2609,0
1,24,4,4,9.2384,80.020874,890170,2,1,5,0,38.4,84.7,0,3,2,4,0.3077,1
10,5,2,3,6.892246,80.074166,214576,1,1,0,0,12.4,0,0,7,5,2,0.3333,1
6,3,4,1,7.983205,81.002704,377932,1,2,0,0,71.7,0,0,3,3,3,0.1875,0
11,10,7,2,7.871994,81.622843,787277,3,1,3,6,24.8,90.4,40.3,1,8,3,0.2143,0
4,3,7,4,6.089891,80.674517,946335,2,2,9,0,78.5,93.3,0,2,6,4,0.3077,0
12,14,5,1,6.697742,80.483828,738551,2,2,9,0,26.6,39.9,0,3,1,2,0.25,0
4,16,3,3,7.560322,80.651736,671412,1,5,0,0,53.8,0,0,1,7,7,0.3889,0
3,27,4,4,5.996154,81.72189,612340,1,8,0,0,46.3,0,0,1,3,2,0.1538,0
7,27,5,1,7.42444,80.978831,166613,2,2,5,0,39.8,50.2,0,1,1,4,0.2857,1
10,22,5,4,5.996154,81.72189,612340,1,7,0,0,7.1,0,0,1,4,2,0.1538,0
12,24,4,2,6.199184,81.066002,779514,1,6,0,0,50.8,0,0,3,1,4,0.3077,0
3,20,5,1,6.963883,81.73874,802729,3,1,2,3,27.3,74.5,57.5,7,1,1,0.0769,0
12,7,3,3,7.685311,80.20283,642717,2,1,2,0,17.3,49.3,0,2,8,1,0.0714,0
4,23,6,4,8.855932,81.363975,663054,2,5,9,0,39.5,65.9,0,3,6,7,0.3889,0
2,27,4,2,9.077313,80.074614,595948,1,8,0,0,33.0,0,0,3,5,4,0.3333,0
8,5,3,2,6.319642,80.497238,452944,2,3,6,0,83.4,10.2,0,1,5,2,0.1667,1
7,19,1,2,6.706501,80.345127,823378,3,6,7,8,13.8,4.7,28.3,2,1,0,0.0,0
12,8,5,4,7.871994,81.622843,787277,3,1,3,7,32.3,90.5,12.7,2,4,3,0.2143,0
1,9,4,4,7.335406,81.874036,518801,1,5,0,0,63.0,0,0,1,4,6,0.6,1
11,6,1,2,8.924106,79.774742,983794,1,5,0,0,16.0,0,0,2,2,3,0.2308,0
11,13,5,3,8.781759,81.469732,189814,1,3,0,0,33.7,0,0,1,2,3,0.2727,0
1,19,7,3,8.205731,81.652145,883300,1,8,0,0,21.9,0,0,2,1,1,0.0909,0
12,25,5,3,9.353018,81.761697,352572,2,7,8,0,9.1,17.4,0,2,1,2,0.2222,0
12,12,2,4,6.437339,81.736197,665427,1,3,0,0,42.1,0,0,6,1,3,0.3,1
5,24,6,3,7.905035,79.887296,287330,1,5,0,0,91.5,0,0,3,1,6,0.2609,0
6,11,6,1,6.975496,81.713622,497887,3,3,4,5,74.7,72.6,52.3,3,3,5,0.4545,0
9,15,3,2,7.066327,81.051867,678856,1,8,0,0,42.4,0,0,4,1,0,0.0,0
10,16,5,2,9.084873,79.664492,391704,3,1,2,3,27.9,60.5,43.5,1,6,1,0.1111,0
11,13,1,2,7.569714,79.716448,719176,1,9,0,0,37.2,0,0,2,1,3,0.2308,0
7,17,4,2,9.264292,81.582259,183667,2,4,8,0,47.7,38.6,0,3,8,2,0.1818,0
9,15,7,1,6.319642,80.497238,452944,1,2,0,0,40.0,0,0,1,1,2,0.1667,0
9,7,3,2,6.963883,81.73874,802729,3,3,4,7,100.1,83.7,7.0,1,5,1,0.0769,0
12,19,6,1,9.281174,79.808012,132938,2,1,6,0,25.0,38.3,0,2,1,3,0.25,1
9,24,7,3,8.097673,81.17669,821590,3,1,5,6,26.8,53.6,56.9,3,7,5,0.3333,1
7,21,3,1,9.233703,80.996309,476417,3,2,6,9,21.0,56.6,28.3,4,3,3,0.1579,0
10,23,3,3,7.241915,80.961928,167136,2,3,6,0,36.4,45.8,0,2,1,7,0.3333,0
3,15,2,3,6.697455,81.099242,688508,1,4,0,0,89.9,0,0,1,2,1,0.1111,0
6,24,5,4,8.781759,81.469732,189814,1,1,0,0,13.8,0,0,1,1,3,0.2727,0
5,9,2,4,6.792754,81.292331,356787,1,3,0,0,21.5,0,0,1,2,3,0.3333,0
5,18,2,3,9.552052,81.334241,322086,3,1,2,8,39.2,56.5,22.0,1,3,4,0.2105,0
10,20,1,1,8.172988,80.191884,698782,2,4,8,0,40.5,34.9,0,3,2,6,0.4,0
7,28,5,2,9.552052,81.334241,322086,2,6,9,0,14.2,53.1,0,2,6,4,0.2105,0
10,26,5,2,8.461023,80.626963,804314,2,1,6,0,12.8,25.0,0,2,2,2,0.2,1
11,22,4,3,8.816011,80.866167,809570,2,3,4,0,54.2,73.6,0,1,8,3,0.2,1
2,12,7,2,6.468113,80.059178,570405,2,3,9,0,117.9,42.8,0,2,2,3,0.1765,0
4,24,1,3,6.963883,81.73874,802729,2,5,8,0,68.6,35.6,0,5,4,1,0.0769,0
9,26,4,3,7.569714,79.716448,719176,1,6,0,0,27.1,0,0,1,1,3,0.2308,0
1,14,1,3,8.097673,81.17669,821590,3,1,2,9,14.1,42.6,95.5,3,1,5,0.3333,1
12,14,5,2,9.233703,80.996309,476417,1,1,0,0,16.1,0,0,6,2,3,0.1579,0
11,7,5,3,6.697455,81.099242,688508,1,9,0,0,65.0,0,0,2,2,1,0.1111,1
1,24,5,4,8.475011,81.090981,806073,2,3,4,0,65.8,70.6,0,1,2,4,0.3333,0
9,3,3,4,5.977703,79.857976,976638,2,6,9,0,32.7,22.2,0,1,3,8,0.5333,0
6,10,4,4,6.949851,80.766307,854639,2,1,6,0,12.0,14.7,0,3,1,4,0.3333,0
3,22,6,1,9.077313,80.074614,595948,3,1,2,4,36.2,22.6,47.1,2,5,4,0.3333,0
9,15,4,1,7.42444,80.978831,166613,3,4,5,6,25.8,23.2,58.6,5,2,4,0.2857,0
1,1,6,1,7.066327,81.051867,678856,3,1,3,8,33.4,27.5,46.2,6,3,0,0.0,0
7,2,1,1,6.555978,80.442254,482554,2,6,9,0,26.8,96.7,0,7,1,2,0.1818,0
4,6,6,1,6.468113,80.059178,570405,3,2,3,8,53.3,102.2,18.8,7,1,3,0.1765,1
5,7,2,4,6.045512,80.35346,961722,2,4,8,0,71.7,26.4,0,1,3,4,0.2667,0
10,17,3,4,7.802111,81.57817,609231,1,2,0,0,55.0,0,0,7,8,2,0.1667,0
5,19,6,2,8.770886,80.014388,660086,2,7,9,0,9.2,26.9,0,3,1,6,0.3158,1
11,11,5,1,6.089891,80.674517,946335,3,5,6,7,93.0,52.9,7.0,1,1,4,0.3077,0
8,17,4,2,5.977703,79.857976,976638,3,3,5,6,51.9,48.4,40.8,6,3,8,0.5333,0
6,15,2,1,7.241915,80.961928,167136,2,1,3,0,39.2,108.1,0,1,5,7,0.3333,1
6,2,5,4,8.387613,80.16054,842225,1,9,0,0,64.1,0,0,1,2,2,0.1538,0
8,7,1,2,6.527925,81.784585,391369,2,2,8,0,68.6,58.4,0,7,4,2,0.2,0
9,15,5,3,7.988837,81.815505,590785,3,5,8,9,25.1,21.2,62.7,1,3,2,0.1538,0
8,14,3,2,6.437339,81.736197,665427,1,7,0,0,4.3,0,0,3,3,3,0.3,0
9,1,3,2,6.468113,80.059178,570405,3,1,4,5,34.3,78.4,43.9,2,4,3,0.1765,0
12,14,3,2,8.924106,79.774742,983794,1,7,0,0,9.8,0,0,1,3,3,0.2308,0
8,16,4,4,6.544268,80.59243,944962,2,1,7,0,38.6,12.8,0,2,3,2,0.1667,0
3,23,4,2,6.555978,80.442254,482554,3,1,7,9,25.0,11.7,59.3,6,7,2,0.1818,0
7,28,5,4,8.832907,80.851919,358607,3,3,5,6,92.1,31.1,18.0,7,2,0,0.0,0
9,9,4,1,7.714111,80.240683,774079,2,6,9,0,51.6,79.0,0,5,5,2,0.25,0
8,25,2,1,9.01703,80.591417,267753,2,7,9,0,6.1,20.4,0,4,1,2,0.2857,0
12,10,7,4,6.555978,80.442254,482554,2,6,8,0,26.6,48.1,0,2,7,2,0.1818,0
12,24,7,1,8.770886,80.014388,660086,2,1,3,0,39.9,59.7,0,2,7,6,0.3158,0
11,4,7,3,7.802111,81.57817,609231,1,4,0,0,23.3,0,0,1,1,2,0.1667,0
6,14,3,3,9.724883,80.494132,230889,3,6,7,9,34.8,11.0,52.0,5,1,5,0.4167,1
12,4,7,2,6.178797,81.686294,380746,1,2,0,0,29.4,0,0,1,1,4,0.3636,1
3,4,6,2,8.205731,81.652145,883300,1,2,0,0,58.3,0,0,6,1,1,0.0909,0
12,11,7,4,8.770886,80.014388,660086,2,2,5,0,22.2,83.7,0,2,5,6,0.3158,0
12,26,2,1,6.468113,80.059178,570405,2,3,5,0,114.9,32.3,0,1,2,3,0.1765,0
6,25,4,2,6.089891,80.674517,946335,2,7,9,0,7.9,70.9,0,3,1,4,0.3077,0
6,14,4,4,5.996154,81.72189,612340,1,3,0,0,69.6,0,0,2,7,2,0.1538,0
10,12,6,2,9.233703,80.996309,476417,3,2,6,7,32.0,49.3,13.5,2,2,3,0.1579,0
7,17,6,2,8.579908,79.90545,112038,2,2,5,0,44.4,41.6,0,1,1,3,0.25,0
12,3,5,1,6.949851,80.766307,854639,2,1,8,0,22.9,42.7,0,3,2,4,0.3333,1
5,20,2,1,8.475011,81.090981,806073,2,7,9,0,7.7,33.1,0,4,2,4,0.3333,0
3,22,3,1,9.233703,80.996309,476417,1,5,0,0,95.6,0,0,2,1,3,0.1579,0
5,6,3,1,8.496623,80.440084,201639,2,2,7,0,76.7,6.1,0,3,3,5,0.2941,1
12,13,6,2,8.177447,81.221195,479201,2,3,8,0,30.0,35.4,0,5,5,2,0.1667,0
11,11,5,4,9.346597,80.351732,694731,3,3,8,9,102.6,32.5,93.9,1,1,1,0.1111,0
8,18,2,4,7.983205,81.002704,377932,1,9,0,0,55.4,0,0,2,7,3,0.1875,0
4,9,4,3,7.42444,80.978831,166613,2,3,9,0,61.3,76.0,0,4,1,4,0.2857,0
12,26,2,1,8.770886,80.014388,660086,3,5,7,9,71.0,13.2,99.3,3,1,6,0.3158,0
12,10,3,3,7.905035,79.887296,287330,2,6,9,0,34.7,23.8,0,1,8,6,0.2609,0
6,22,4,4,9.2384,80.020874,890170,1,6,0,0,53.7,0,0,5,1,4,0.3077,0
3,7,2,4,7.42444,80.978831,166613,2,1,5,0,35.0,40.8,0,3,2,4,0.2857,1
12,1,7,3,8.781759,81.469732,189814,3,5,6,8,94.4,54.7,56.7,1,5,3,0.2727,1
11,11,6,2,7.569714,79.716448,719176,2,5,9,0,92.1,52.4,0,4,3,3,0.2308,0
6,13,7,3,9.346597,80.351732,694731,2,2,8,0,59.9,56.1,0,3,2,1,0.1111,0
12,9,4,1,6.896743,81.708882,585100,2,3,5,0,99.4,96.1,0,2,6,2,0.2,0
12,23,3,1,7.086919,81.074857,755674,3,3,4,7,118.8,81.7,8.9,2,2,2,0.25,1
9,2,5,1,6.199184,81.066002,779514,2,4,6,0,31.0,24.6,0,2,2,4,0.3077,0
1,1,6,2,9.51131,80.985646,656116,2,6,9,0,40.6,40.8,0,3,1,1,0.0909,0
10,28,1,4,8.475011,81.090981,806073,1,2,0,0,35.0,0,0,1,3,4,0.3333,0
2,4,2,3,7.066327,81.051867,678856,2,3,8,0,107.5,36.0,0,3,1,0,0.0,0
1,21,3,1,7.560322,80.651736,671412,1,7,0,0,8.7,0,0,2,7,7,0.3889,0
9,8,4,1,8.855932,81.363975,663054,1,2,0,0,51.2,0,0,2,2,7,0.3889,0
5,24,6,2,9.286912,79.990836,149405,2,1,7,0,37.3,11.1,0,1,2,2,0.2222,1
4,27,3,4,6.089891,80.674517,946335,2,5,6,0,45.7,38.0,0,7,1,4,0.3077,1
10,2,5,4,6.697455,81.099242,688508,1,2,0,0,76.6,0,0,1,2,1,0.1111,0
6,4,1,4,7.983205,81.002704,377932,1,7,0,0,9.4,0,0,1,3,3,0.1875,0
1,28,1,1,7.008846,80.732474,349565,2,1,8,0,14.7,25.1,0,1,5,5,0.3846,0
11,4,6,2,8.832907,80.851919,358607,2,3,9,0,53.1,54.1,0,2,5,0,0.0,0
2,1,4,1,6.045512,80.35346,961722,2,7,9,0,3.5,48.0,0,5,1,4,0.2667,0
10,24,2,4,8.028972,81.386337,269396,3,4,5,8,32.7,59.8,11.7,7,8,2,0.25,0
11,22,6,3,6.544268,80.59243,944962,2,4,7,0,87.8,12.9,0,2,1,2,0.1667,0
1,5,1,3,7.714111,80.240683,774079,2,1,3,0,18.0,32.7,0,2,1,2,0.25,1
10,10,4,1,7.988837,81.815505,590785,1,7,0,0,12.4,0,0,3,1,2,0.1538,0
4,5,1,2,6.178797,81.686294,380746,3,3,7,8,106.3,3.7,36.7,4,1,4,0.3636,0
10,7,7,3,8.461023,80.626963,804314,1,7,0,0,12.9,0,0,1,1,2,0.2,0
12,9,7,3,7.802111,81.57817,609231,1,7,0,0,8.2,0,0,3,2,2,0.1667,0
10,28,6,2,8.002881,79.930446,897549,1,3,0,0,62.6,0,0,2,3,2,0.1818,0
4,18,7,2,9.51131,80.985646,656116,2,1,5,0,12.5,27.2,0,1,8,1,0.0909,0
11,16,4,4,5.977703,79.857976,976638,2,5,6,0,73.7,58.2,0,3,5,8,0.5333,1
7,17,6,4,8.50554,81.373942,148050,1,2,0,0,67.6,0,0,1,1,6,0.4286,1
6,13,4,2,7.905035,79.887296,287330,3,2,3,8,45.0,116.2,15.8,7,1,6,0.2609,1
11,13,4,2,6.468113,80.059178,570405,2,7,9,0,8.4,70.7,0,6,1,3,0.1765,0
11,22,7,2,7.905035,79.887296,287330,1,9,0,0,51.4,0,0,1,8,6,0.2609,0
4,27,4,3,7.569714,79.716448,719176,2,6,7,0,21.8,14.9,0,2,1,3,0.2308,0
4,26,6,2,5.977703,79.857976,976638,3,2,6,9,46.5,10.3,89.6,1,1,8,0.5333,0
12,14,1,2,6.697742,80.483828,738551,2,6,9,0,43.2,30.0,0,6,2,2,0.25,0
2,15,5,1,9.724883,80.494132,230889,1,5,0,0,91.0,0,0,1,2,5,0.4167,0
5,12,3,3,8.387613,80.16054,842225,1,3,0,0,34.2,0,0,3,1,2,0.1538,0
4,8,3,2,8.924106,79.774742,983794,1,7,0,0,3.3,0,0,1,5,3,0.2308,0
12,22,4,2,5.977703,79.857976,976638,2,4,5,0,55.2,73.2,0,1,1,8,0.5333,1
10,10,2,3,8.832907,80.851919,358607,2,4,6,0,51.9,47.4,0,1,1,0,0.0,0
12,22,3,4,7.778354,80.876062,791798,2,5,9,0,28.8,50.5,0,4,7,5,0.3125,1
11,24,5,1,6.697455,81.099242,688508,2,4,9,0,69.3,94.0,0,1,2,1,0.1111,0
7,10,1,4,8.816011,80.866167,809570,3,3,7,8,89.0,7.3,31.8,1,2,3,0.2,0
3,21,6,2,6.544268,80.59243,944962,2,1,3,0,23.2,92.2,0,3,1,2,0.1667,0
9,12,1,3,6.468113,80.059178,570405,1,7,0,0,13.1,0,0,7,5,3,0.1765,0
6,13,1,1,6.975496,81.713622,497887,3,3,7,8,44.5,5.6,28.6,1,1,5,0.4545,1
2,23,5,2,8.205731,81.652145,883300,3,6,7,9,56.2,12.3,30.6,1,5,1,0.0909,0
10,21,6,4,5.932689,81.260265,575763,3,1,2,7,13.0,33.3,12.0,3,4,7,0.5,1
3,26,5,4,6.949851,80.766307,854639,2,1,8,0,14.2,37.5,0,2,2,4,0.3333,0
8,12,4,1,5.932689,81.260265,575763,1,3,0,0,25.6,0,0,5,1,7,0.5,0
6,23,6,2,8.924106,79.774742,983794,1,5,0,0,73.4,0,0,6,1,3,0.2308,0
11,8,1,3,6.1178,81.8784,202664,3,1,5,6,22.9,46.5,35.3,2,6,5,0.3125,0
5,19,6,1,8.461023,80.626963,804314,1,4,0,0,76.4,0,0,7,3,2,0.2,0
11,26,5,1,9.51131,80.985646,656116,2,6,8,0,37.2,34.2,0,6,2,1,0.0909,0
2,26,2,3,7.988837,81.815505,590785,2,4,9,0,68.6,23.9,0,3,1,2,0.1538,0
7,28,6,1,9.01703,80.591417,267753,2,2,6,0,54.7,20.6,0,3,1,2,0.2857,1
4,21,2,1,6.089891,80.674517,946335,2,2,8,0,60.7,58.6,0,2,4,4,0.3077,1
12,10,3,1,8.579908,79.90545,112038,1,9,0,0,45.9,0,0,1,4,3,0.25,0
12,20,7,4,9.079367,81.558806,564656,2,6,7,0,33.8,9.7,0,2,1,3,0.2143,0
3,15,1,1,7.714111,80.240683,774079,1,8,0,0,19.4,0,0,1,4,2,0.25,0
1,13,3,3,9.233703,80.996309,476417,3,2,4,5,71.6,31.2,52.3,2,5,3,0.1579,0
7,3,2,4,7.494249,80.406645,163556,1,5,0,0,92.2,0,0,3,1,3,0.25,1
7,20,4,1,7.905035,79.887296,287330,2,1,4,0,36.6,32.5,0,1,2,6,0.2609,0
6,4,2,1,6.356169,80.619527,456699,1,2,0,0,63.7,0,0,7,1,2,0.1818,0
11,22,1,4,9.264292,81.582259,183667,1,9,0,0,94.6,0,0,3,5,2,0.1818,0
10,17,3,2,7.802111,81.57817,609231,2,1,5,0,32.7,48.4,0,2,1,2,0.1667,0
6,25,7,2,7.42444,80.978831,166613,1,2,0,0,40.8,0,0,2,1,4,0.2857,0
12,3,2,2,9.074489,80.183979,972064,1,2,0,0,76.2,0,0,2,1,1,0.0625,0
3,1,3,2,7.569714,79.716448,719176,3,1,5,7,39.7,60.0,12.2,7,8,3,0.2308,1
7,11,5,3,9.2384,80.020874,890170,2,4,8,0,31.8,49.2,0,7,1,4,0.3077,0
3,3,3,3,8.002881,79.930446,897549,2,3,4,0,95.3,57.1,0,5,1,2,0.1818,0
9,2,7,4,8.028972,81.386337,269396,2,5,8,0,56.7,59.2,0,6,1,2,0.25,1
8,23,5,4,7.42444,80.978831,166613,1,5,0,0,75.1,0,0,4,2,4,0.2857,0
10,10,3,1,7.560322,80.651736,671412,1,3,0,0,36.1,0,0,1,4,7,0.3889,0
2,6,4,4,8.028972,81.386337,269396,1,3,0,0,74.3,0,0,2,6,2,0.25,0
1,14,1,1,7.241915,80.961928,167136,2,1,9,0,22.8,51.5,0,5,4,7,0.3333,1
12,9,2,3,8.50554,81.373942,148050,2,2,5,0,66.3,17.5,0,5,1,6,0.4286,1
3,18,1,1,6.178797,81.686294,380746,2,4,5,0,58.6,69.3,0,1,1,4,0.3636,0
7,24,5,1,7.905035,79.887296,287330,2,2,8,0,64.1,24.7,0,1,1,6,0.2609,0
5,3,4,2,8.172988,80.191884,698782,2,5,9,0,70.1,62.6,0,1,1,6,0.4,1
4,24,6,2,6.045512,80.35346,961722,1,8,0,0,53.4,0,0,2,1,4,0.2667,0
12,2,4,4,8.172988,80.191884,698782,1,5,0,0,94.2,0,0,4,3,6,0.4,1
11,17,4,2,6.829704,80.992502,329258,3,3,5,7,76.9,99.5,8.2,3,4,2,0.2857,1
5,7,1,3,9.2384,80.020874,890170,1,8,0,0,38.3,0,0,5,1,4,0.3077,1
6,12,7,4,8.002881,79.930446,897549,3,2,4,6,59.2,62.2,10.6,5,2,2,0.1818,1
6,11,6,3,9.353018,81.761697,352572,1,2,0,0,41.9,0,0,6,1,2,0.2222,0
5,6,6,4,8.475011,81.090981,806073,2,1,9,0,13.4,95.6,0,4,1,4,0.3333,1
10,22,3,3,7.778354,80.876062,791798,1,5,0,0,80.2,0,0,1,1,5,0.3125,0
4,28,3,2,6.199184,81.066002,779514,2,4,5,0,60.8,97.6,0,3,3,4,0.3077,0
3,27,5,3,8.855932,81.363975,663054,3,2,4,9,53.4,58.6,88.5,3,7,7,0.3889,1
11,16,3,1,9.724883,80.494132,230889,2,5,6,0,79.9,28.3,0,2,3,5,0.4167,1
4,20,2,1,9.077313,80.074614,595948,2,4,6,0,76.5,27.0,0,1,5,4,0.3333,0
11,16,5,2,8.461023,80.626963,804314,1,5,0,0,15.6,0,0,2,6,2,0.2,0
3,17,1,3,8.205731,81.652145,883300,1,5,0,0,38.4,0,0,1,5,1,0.0909,0
2,20,1,4,6.356169,80.619527,456699,2,1,2,0,16.9,60.5,0,6,3,2,0.1818,1
12,6,1,3,7.802111,81.57817,609231,1,2,0,0,59.5,0,0,3,2,2,0.1667,0
3,20,6,1,8.579908,79.90545,112038,2,3,6,0,87.0,51.4,0,4,4,3,0.25,0
1,4,4,4,8.924106,79.774742,983794,1,9,0,0,91.9,0,0,2,7,3,0.2308,1
11,22,1,4,8.097673,81.17669,821590,2,1,9,0,37.3,48.9,0,1,6,5,0.3333,0
8,12,6,3,9.074489,80.183979,972064,2,3,7,0,44.9,13.8,0,4,2,1,0.0625,0
12,18,7,2,7.494249,80.406645,163556,2,5,9,0,73.9,23.8,0,2,2,3,0.25,0
3,24,5,3,7.983205,81.002704,377932,1,9,0,0,96.6,0,0,2,4,3,0.1875,0
5,24,2,4,9.2384,80.020874,890170,1,1,0,0,28.8,0,0,1,2,4,0.3077,0
3,5,2,4,6.355304,81.303658,770487,1,1,0,0,14.1,0,0,5,2,2,0.1818,0
2,4,7,4,6.1178,81.8784,202664,2,4,9,0,70.3,43.3,0,1,2,5,0.3125,0
2,15,2,1,6.437339,81.736197,665427,1,7,0,0,6.5,0,0,5,3,3,0.3,0
3,4,1,3,6.697742,80.483828,738551,3,3,4,5,34.4,79.7,97.6,6,1,2,0.25,0
11,9,2,4,9.074489,80.183979,972064,2,6,7,0,54.6,9.4,0,1,8,1,0.0625,0
12,15,6,4,7.066327,81.051867,678856,1,1,0,0,18.1,0,0,3,1,0,0.0,0
5,23,2,4,7.983205,81.002704,377932,1,7,0,0,8.8,0,0,1,4,3,0.1875,0
1,17,2,4,9.353018,81.761697,352572,3,2,4,8,68.1,51.4,52.8,2,1,2,0.2222,0
10,5,1,4,8.770886,80.014388,660086,3,3,4,7,39.3,23.0,3.9,4,1,6,0.3158,0
2,25,3,2,8.475011,81.090981,806073,2,5,7,0,54.4,8.4,0,2,3,4,0.3333,1
7,10,5,1,8.475011,81.090981,806073,1,1,0,0,25.4,0,0,3,2,4,0.3333,0
2,20,5,4,8.816011,80.866167,809570,1,4,0,0,31.7,0,0,3,4,3,0.2,0
11,28,5,2,8.781759,81.469732,189814,1,2,0,0,36.6,0,0,3,1,3,0.2727,1
10,24,2,1,9.51131,80.985646,656116,2,1,9,0,17.7,24.8,0,1,4,1,0.0909,0
5,2,6,3,8.832907,80.851919,358607,2,7,8,0,5.2,59.3,0,5,2,0,0.0,0
8,5,4,3,8.028972,81.386337,269396,2,1,6,0,31.0,41.5,0,6,1,2,0.25,0
5,19,5,3,7.871994,81.622843,787277,2,3,5,0,117.3,59.3,0,7,1,3,0.2143,1
1,9,7,1,8.387613,80.16054,842225,2,6,7,0,45.9,13.5,0,5,5,2,0.1538,0
10,22,6,1,7.871994,81.622843,787277,2,1,9,0,35.8,21.0,0,1,2,3,0.2143,0
10,8,4,3,9.079367,81.558806,564656,3,2,4,9,20.4,48.7,38.6,2,6,3,0.2143,0
12,24,5,2,8.387613,80.16054,842225,1,7,0,0,8.8,0,0,2,4,2,0.1538,0
10,21,6,2,7.871994,81.622843,787277,1,7,0,0,3.5,0,0,7,7,3,0.2143,0
2,28,3,4,6.199184,81.066002,779514,2,2,3,0,55.3,94.6,0,1,7,4,0.3077,0
2,15,4,4,7.006877,81.067576,498591,1,8,0,0,16.0,0,0,2,3,2,0.125,1
12,18,5,1,8.205731,81.652145,883300,2,4,5,0,45.2,19.4,0,3,8,1,0.0909,1
5,25,7,3,6.356169,80.619527,456699,1,8,0,0,10.4,0,0,1,3,2,0.1818,0
8,16,6,1,6.792754,81.292331,356787,1,1,0,0,30.0,0,0,5,1,3,0.3333,1
8,26,2,4,7.905035,79.887296,287330,2,8,9,0,25.9,44.0,0,5,1,6,0.2609,0
4,20,7,3,9.346597,80.351732,694731,2,3,5,0,82.8,91.8,0,3,1,1,0.1111,0
3,28,1,4,9.346597,80.351732,694731,1,7,0,0,14.0,0,0,2,5,1,0.1111,0
12,12,2,4,9.552052,81.334241,322086,3,2,6,9,42.0,55.1,71.6,1,1,4,0.2105,0
7,11,7,3,8.50554,81.373942,148050,2,2,4,0,43.7,57.7,0,2,1,6,0.4286,0
8,21,3,1,6.199184,81.066002,779514,1,9,0,0,34.2,0,0,5,3,4,0.3077,1
8,20,3,3,5.932689,81.260265,575763,3,2,7,9,65.9,9.8,27.4,5,4,7,0.5,1
11,28,3,2,5.977703,79.857976,976638,3,1,5,9,33.1,39.0,47.7,7,7,8,0.5333,0
8,22,4,3,7.871994,81.622843,787277,3,2,4,8,63.7,46.9,58.7,6,1,3,0.2143,0
6,18,3,3,9.2384,80.020874,890170,2,4,5,0,59.1,34.1,0,7,1,4,0.3077,0
4,16,4,1,7.714111,80.240683,774079,2,1,2,0,39.6,76.0,0,1,6,2,0.25,0
12,11,7,1,7.560322,80.651736,671412,1,1,0,0,30.2,0,0,1,4,7,0.3889,0
5,16,3,1,7.983205,81.002704,377932,1,8,0,0,28.2,0,0,2,1,3,0.1875,1
2,8,7,4,6.089891,80.674517,946335,3,1,5,6,39.4,25.4,28.7,6,1,4,0.3077,0
6,14,5,1,7.988837,81.815505,590785,1,4,0,0,27.0,0,0,7,3,2,0.1538,0
11,27,2,1,7.066327,81.051867,678856,2,7,9,0,11.5,97.9,0,1,7,0,0.0,0
1,24,2,4,8.172988,80.191884,698782,2,2,9,0,35.7,40.8,0,2,8,6,0.4,1
7,7,2,1,6.468113,80.059178,570405,1,3,0,0,96.7,0,0,7,8,3,0.1765,0
10,24,3,3,9.084873,79.664492,391704,2,1,3,0,29.7,49.2,0,4,1,1,0.1111,0
4,3,2,4,8.387613,80.16054,842225,2,4,8,0,65.2,34.5,0,5,1,2,0.1538,1
6,2,1,4,7.871994,81.622843,787277,3,6,7,8,26.3,10.6,49.2,2,1,3,0.2143,0
2,16,2,3,7.494249,80.406645,163556,2,3,6,0,85.4,21.1,0,1,6,3,0.25,0
11,8,1,3,7.778354,80.876062,791798,3,1,4,7,18.7,54.0,12.1,1,1,5,0.3125,0
1,28,6,4,5.977703,79.857976,976638,2,3,8,0,67.3,53.7,0,4,5,8,0.5333,1
4,5,6,1,9.724883,80.494132,230889,2,3,4,0,100.4,68.7,0,2,3,5,0.4167,0
3,20,5,4,8.172988,80.191884,698782,2,8,9,0,50.4,90.7,0,1,1,6,0.4,1
5,22,3,2,9.084873,79.664492,391704,2,4,5,0,72.8,17.7,0,5,1,1,0.1111,0
5,9,6,3,8.097673,81.17669,821590,1,4,0,0,83.0,0,0,5,5,5,0.3333,0
2,25,3,3,6.437339,81.736197,665427,2,6,9,0,57.0,29.2,0,7,1,3,0.3,0
2,8,7,1,7.685311,80.20283,642717,3,3,6,8,49.2,45.3,30.8,2,2,1,0.0714,0
5,26,3,1,7.086919,81.074857,755674,2,5,8,0,53.4,12.8,0,6,1,2,0.25,0
1,10,4,4,8.496623,80.440084,201639,2,4,9,0,52.2,32.4,0,1,6,5,0.2941,0
2,11,2,3,8.461023,80.626963,804314,1,6,0,0,43.0,0,0,7,8,2,0.2,0
9,14,7,4,9.281174,79.808012,132938,1,4,0,0,33.3,0,0,6,5,3,0.25,1
5,1,3,2,6.178797,81.686294,380746,3,1,5,8,25.3,63.5,38.6,1,2,4,0.3636,1
4,3,4,3,6.045512,80.35346,961722,1,9,0,0,25.6,0,0,1,2,4,0.2667,1
12,24,3,2,7.494249,80.406645,163556,1,9,0,0,64.9,0,0,3,2,3,0.25,0
11,2,2,4,6.527925,81.784585,391369,3,1,6,9,38.5,39.9,69.0,1,3,2,0.2,0
3,23,7,3,6.468113,80.059178,570405,1,2,0,0,38.7,0,0,6,2,3,0.1765,1
2,3,2,3,7.871994,81.622843,787277,1,5,0,0,75.4,0,0,3,2,3,0.2143,0
11,3,4,3,9.077313,80.074614,595948,1,7,0,0,12.0,0,0,4,3,4,0.3333,0
9,12,3,4,8.177447,81.221195,479201,3,2,4,8,51.4,86.7,49.5,1,1,2,0.1667,0
12,12,4,1,9.552052,81.334241,322086,2,1,3,0,15.8,92.0,0,3,2,4,0.2105,1
5,24,1,1,6.829704,80.992502,329258,2,4,6,0,50.2,25.2,0,6,8,2,0.2857,1
1,20,5,4,6.527925,81.784585,391369,2,3,8,0,38.8,20.6,0,2,1,2,0.2,0
12,14,3,2,6.089891,80.674517,946335,1,9,0,0,34.8,0,0,5,1,4,0.3077,0
7,5,1,1,8.924106,79.774742,983794,2,7,9,0,12.9,68.4,0,1,7,3,0.2308,0
1,9,3,4,7.086919,81.074857,755674,1,5,0,0,60.0,0,0,7,2,2,0.25,0
1,4,4,3,8.097673,81.17669,821590,2,1,4,0,32.8,67.6,0,4,1,5,0.3333,0
12,14,5,3,9.264292,81.582259,183667,3,4,7,9,58.5,9.5,59.4,3,1,2,0.1818,1
3,23,5,1,9.074489,80.183979,972064,2,1,4,0,36.6,31.1,0,6,2,1,0.0625,0
1,15,1,2,9.01703,80.591417,267753,3,1,2,4,19.2,45.8,66.2,1,1,2,0.2857,0
10,9,6,4,6.045512,80.35346,961722,2,8,9,0,18.9,64.7,0,2,8,4,0.2667,0
5,26,7,2,9.233703,80.996309,476417,2,3,4,0,63.2,84.3,0,1,1,3,0.1579,0
10,5,1,1,6.468113,80.059178,570405,2,3,8,0,83.4,48.9,0,1,4,3,0.1765,0
2,21,3,3,7.006877,81.067576,498591,3,2,5,9,30.2,88.5,59.2,1,1,2,0.125,0
6,26,3,3,7.006877,81.067576,498591,1,9,0,0,52.1,0,0,1,1,2,0.125,0
12,20,2,1,6.089891,80.674517,946335,3,1,4,6,15.7,39.7,55.1,3,8,4,0.3077,1
4,9,2,2,7.42444,80.978831,166613,1,8,0,0,23.2,0,0,2,3,4,0.2857,0
9,7,4,2,5.932689,81.260265,575763,1,1,0,0,16.4,0,0,1,5,7,0.5,0
2,16,5,3,6.706501,80.345127,823378,2,1,3,0,18.6,39.2,0,2,1,0,0.0,0
11,21,3,4,8.855932,81.363975,663054,3,1,2,4,28.6,53.8,27.0,3,2,7,0.3889,1
12,19,4,2,9.281174,79.808012,132938,1,7,0,0,3.7,0,0,5,1,3,0.25,0
2,16,6,2,8.832907,80.851919,358607,1,2,0,0,26.3,0,0,7,1,0,0.0,0
11,28,2,2,7.006877,81.067576,498591,1,1,0,0,22.6,0,0,2,5,2,0.125,0
2,2,2,3,7.494249,80.406645,163556,1,4,0,0,83.8,0,0,2,2,3,0.25,0
10,2,5,1,8.002881,79.930446,897549,2,6,9,0,56.7,36.3,0,4,1,2,0.1818,0
10,5,6,2,8.205731,81.652145,883300,1,9,0,0,36.0,0,0,2,1,1,0.0909,0
5,28,2,1,5.932689,81.260265,575763,3,3,5,6,92.2,46.1,10.7,3,2,7,0.5,0
9,22,7,1,9.264292,81.582259,183667,3,1,3,7,36.0,32.7,13.4,1,4,2,0.1818,0
6,7,6,2,9.724883,80.494132,230889,2,7,9,0,14.7,80.0,0,6,1,5,0.4167,1
4,26,6,1,7.802111,81.57817,609231,3,1,6,9,13.3,28.3,69.5,2,1,2,0.1667,0
11,24,6,2,8.177447,81.221195,479201,1,3,0,0,90.1,0,0,1,8,2,0.1667,0
12,26,1,1,6.706501,80.345127,823378,2,1,4,0,25.6,47.7,0,4,3,0,0.0,0
1,22,5,2,9.552052,81.334241,322086,2,2,9,0,43.4,44.7,0,1,1,4,0.2105,0
6,17,5,1,7.335406,81.874036,518801,1,2,0,0,43.9,0,0,4,1,6,0.6,0
8,17,6,1,7.42444,80.978831,166613,2,2,8,0,38.0,59.2,0,4,1,4,0.2857,1
7,6,5,2,7.988837,81.815505,590785,1,8,0,0,58.4,0,0,1,6,2,0.1538,0
6,11,4,3,7.871994,81.622843,787277,1,4,0,0,29.5,0,0,5,1,3,0.2143,1
2,12,6,3,7.685311,80.20283,642717,2,7,8,0,9.2,30.0,0,1,1,1,0.0714,0
12,19,2,3,8.172988,80.191884,698782,2,2,7,0,59.7,6.0,0,2,4,6,0.4,0
4,9,1,1,9.51131,80.985646,656116,3,1,4,7,33.5,28.6,9.3,6,3,1,0.0909,0
10,7,1,1,9.51131,80.985646,656116,2,4,5,0,35.5,51.2,0,1,2,1,0.0909,1
5,6,2,2,6.963883,81.73874,802729,1,1,0,0,39.8,0,0,3,2,1,0.0769,0
6,9,7,4,8.387613,80.16054,842225,2,3,6,0,34.0,37.3,0,1,6,2,0.1538,0
3,7,2,1,5.977703,79.857976,976638,1,2,0,0,46.0,0,0,1,2,8,0.5333,1
6,3,5,4,9.233703,80.996309,476417,1,5,0,0,50.2,0,0,3,4,3,0.1579,0
9,4,2,2,9.724883,80.494132,230889,2,8,9,0,29.5,94.1,0,1,2,5,0.4167,1
4,16,6,4,7.006877,81.067576,498591,2,1,3,0,28.0,50.9,0,7,1,2,0.125,0
1,9,7,3,6.319642,80.497238,452944,3,3,5,9,77.1,18.3,41.9,1,1,2,0.1667,0
7,3,5,1,7.983205,81.002704,377932,2,3,4,0,49.2,79.6,0,6,2,3,0.1875,0
8,1,4,4,8.770886,80.014388,660086,2,3,5,0,48.0,90.1,0,1,3,6,0.3158,1
4,27,5,3,7.494249,80.406645,163556,2,2,3,0,56.9,78.7,0,1,4,3,0.25,0
8,2,6,2,7.494249,80.406645,163556,2,2,7,0,26.6,7.4,0,1,2,3,0.25,1
3,25,1,1,7.988837,81.815505,590785,3,4,6,8,71.4,59.5,22.9,2,2,2,0.1538,1
2,19,1,2,8.172988,80.191884,698782,1,2,0,0,49.9,0,0,1,2,6,0.4,1
11,19,3,4,7.778354,80.876062,791798,3,3,5,9,60.2,43.7,32.7,7,2,5,0.3125,1
4,4,6,2,8.855932,81.363975,663054,1,9,0,0,96.1,0,0,4,1,7,0.3889,0
3,9,7,3,9.074489,80.183979,972064,1,8,0,0,28.8,0,0,2,4,1,0.0625,0
5,25,6,1,6.468113,80.059178,570405,1,9,0,0,35.0,0,0,2,2,3,0.1765,0
6,13,1,4,7.905035,79.887296,287330,3,1,6,7,29.8,22.4,10.8,3,7,6,0.2609,1
2,13,7,3,6.949851,80.766307,854639,1,3,0,0,27.6,0,0,3,2,4,0.3333,1
9,25,6,3,8.50554,81.373942,148050,2,6,7,0,13.4,3.4,0,4,1,6,0.4286,0
6,17,7,2,7.569714,79.716448,719176,1,8,0,0,11.7,0,0,1,5,3,0.2308,0
1,15,1,3,6.319642,80.497238,452944,2,1,3,0,17.4,63.8,0,2,2,2,0.1667,1
12,4,3,4,8.855932,81.363975,663054,2,3,6,0,88.7,33.7,0,1,1,7,0.3889,0
3,1,2,3,7.006877,81.067576,498591,1,2,0,0,20.7,0,0,6,2,2,0.125,0
9,18,1,1,7.983205,81.002704,377932,3,2,4,7,38.9,46.3,8.5,1,3,3,0.1875,0
5,9,4,1,6.089891,80.674517,946335,3,1,3,5,34.0,51.3,77.8,1,5,4,0.3077,1
12,17,7,3,6.178797,81.686294,380746,2,1,3,0,21.4,119.8,0,1,1,4,0.3636,0
9,19,2,4,9.51131,80.985646,656116,2,2,5,0,42.6,92.1,0,3,2,1,0.0909,0
7,26,4,3,6.963883,81.73874,802729,3,2,7,9,70.1,10.2,31.5,2,8,1,0.0769,0
2,14,3,4,6.555978,80.442254,482554,2,5,9,0,67.4,93.6,0,5,2,2,0.1818,0
5,22,6,4,7.241915,80.961928,167136,1,4,0,0,30.1,0,0,6,1,7,0.3333,0
6,13,6,3,8.475011,81.090981,806073,1,7,0,0,11.0,0,0,2,5,4,0.3333,1
1,22,6,2,6.468113,80.059178,570405,1,9,0,0,97.8,0,0,2,6,3,0.1765,0
12,12,1,3,7.006877,81.067576,498591,1,9,0,0,42.5,0,0,5,2,2,0.125,0
1,20,3,1,9.286912,79.990836,149405,2,1,7,0,39.9,11.5,0,1,1,2,0.2222,0
5,11,1,4,6.437339,81.736197,665427,3,1,4,8,11.6,56.3,41.1,2,2,3,0.3,1
4,1,6,2,7.871994,81.622843,787277,2,4,9,0,53.7,81.5,0,5,5,3,0.2143,0
2,21,5,3,7.006877,81.067576,498591,1,4,0,0,85.1,0,0,2,1,2,0.125,0
10,26,7,1,8.50554,81.373942,148050,2,2,5,0,69.9,99.7,0,7,2,6,0.4286,0
11,2,2,3,9.552052,81.334241,322086,2,5,9,0,54.2,53.8,0,3,1,4,0.2105,0
12,14,3,4,6.792754,81.292331,356787,2,2,4,0,63.4,60.5,0,1,4,3,0.3333,0
7,14,3,1,6.045512,80.35346,961722,3,5,6,9,28.6,44.3,38.9,1,1,4,0.2667,1
6,18,1,2,6.555978,80.442254,482554,1,3,0,0,90.6,0,0,1,2,2,0.1818,0
12,20,5,4,7.066327,81.051867,678856,2,2,3,0,75.5,76.3,0,1,1,0,0.0,0
1,20,6,2,8.770886,80.014388,660086,3,2,3,4,70.0,31.9,51.0,4,1,6,0.3158,0
1,15,3,3,9.233703,80.996309,476417,2,2,4,0,32.6,71.6,0,4,6,3,0.1579,0
7,15,1,2,7.006877,81.067576,498591,2,3,4,0,73.8,49.7,0,6,2,2,0.125,1
3,1,1,3,6.356169,80.619527,456699,3,5,8,9,52.8,58.5,75.8,1,3,2,0.1818,0
10,3,1,2,6.1178,81.8784,202664,2,2,9,0,71.4,30.4,0,3,6,5,0.3125,0
8,20,7,4,9.084873,79.664492,391704,2,6,8,0,24.9,15.4,0,2,4,1,0.1111,0
5,21,2,2,8.475011,81.090981,806073,1,7,0,0,10.9,0,0,1,2,4,0.3333,1
5,27,3,2,5.932689,81.260265,575763,3,3,8,9,97.5,34.3,28.7,3,1,7,0.5,1
11,10,2,3,6.555978,80.442254,482554,2,2,7,0,46.9,10.2,0,3,2,2,0.1818,0
11,23,5,4,7.778354,80.876062,791798,2,2,3,0,36.6,51.0,0,3,1,5,0.3125,0
11,6,4,2,8.097673,81.17669,821590,2,6,7,0,17.7,15.0,0,3,1,5,0.3333,1
9,25,1,1,7.335406,81.874036,518801,2,2,7,0,38.6,6.0,0,1,3,6,0.6,1
5,23,5,1,6.468113,80.059178,570405,3,3,7,9,101.3,5.4,24.0,2,1,3,0.1765,0
3,13,4,3,7.746066,81.275839,531071,2,3,7,0,85.5,13.0,0,3,7,1,0.1111,0
8,7,4,1,8.028972,81.386337,269396,2,7,9,0,13.5,66.7,0,3,8,2,0.25,0
8,15,3,2,9.286912,79.990836,149405,2,8,9,0,41.3,42.0,0,1,1,2,0.2222,0
4,7,3,4,9.552052,81.334241,322086,2,4,9,0,72.0,54.7,0,3,5,4,0.2105,1
8,21,7,2,6.975496,81.713622,497887,3,1,3,9,22.6,96.6,76.9,2,1,5,0.4545,0
9,28,4,3,6.697455,81.099242,688508,2,1,4,0,38.6,89.4,0,7,1,1,0.1111,0
8,26,4,1,7.008846,80.732474,349565,3,2,3,8,24.6,84.3,20.6,1,2,5,0.3846,0
3,15,1,1,7.42444,80.978831,166613,1,5,0,0,95.9,0,0,1,1,4,0.2857,0
8,13,2,3,7.066327,81.051867,678856,1,4,0,0,78.2,0,0,6,6,0,0.0,0
6,12,6,2,7.714111,80.240683,774079,1,5,0,0,31.8,0,0,3,5,2,0.25,0
5,24,1,1,6.975496,81.713622,497887,2,5,8,0,87.5,44.4,0,1,4,5,0.4545,1
6,13,4,2,7.241915,80.961928,167136,2,7,9,0,12.1,85.6,0,5,1,7,0.3333,0
12,1,4,3,6.355304,81.303658,770487,2,1,2,0,22.7,62.0,0,3,1,2,0.1818,0
8,2,3,4,6.975496,81.713622,497887,2,6,7,0,59.6,7.6,0,6,7,5,0.4545,0
2,23,4,3,6.319642,80.497238,452944,2,3,7,0,57.9,7.6,0,5,7,2,0.1667,0
12,24,4,3,6.697455,81.099242,688508,1,8,0,0,21.6,0,0,1,1,1,0.1111,0
7,12,1,3,7.494249,80.406645,163556,2,6,8,0,40.3,32.4,0,2,3,3,0.25,0
12,5,5,2,7.494249,80.406645,163556,1,8,0,0,36.3,0,0,2,1,3,0.25,0
5,23,2,2,6.896743,81.708882,585100,2,3,6,0,106.2,47.7,0,6,8,2,0.2,0
4,11,2,3,6.544268,80.59243,944962,3,4,8,9,37.2,40.2,99.2,5,8,2,0.1667,0
8,9,7,4,8.220801,79.666036,341292,2,2,3,0,28.0,92.6,0,7,6,2,0.25,1
3,23,6,3,6.356169,80.619527,456699,2,1,2,0,24.3,41.1,0,2,1,2,0.1818,0
4,27,3,4,6.792754,81.292331,356787,1,4,0,0,46.9,0,0,7,1,3,0.3333,0
10,14,6,3,7.006877,81.067576,498591,1,3,0,0,38.2,0,0,2,1,2,0.125,0
3,3,7,1,7.988837,81.815505,590785,3,4,6,8,82.2,59.8,27.1,6,2,2,0.1538,1
11,26,5,4,9.51131,80.985646,656116,1,7,0,0,3.8,0,0,2,2,1,0.0909,0
11,22,3,3,7.905035,79.887296,287330,3,5,6,8,46.4,23.3,55.3,5,5,6,0.2609,0
6,18,1,1,9.01703,80.591417,267753,1,3,0,0,47.3,0,0,6,1,2,0.2857,0
10,5,2,4,8.205731,81.652145,883300,2,1,8,0,37.0,43.9,0,1,2,1,0.0909,0
5,18,6,4,8.097673,81.17669,821590,2,6,9,0,26.2,57.5,0,6,3,5,0.3333,0
7,27,1,1,9.01703,80.591417,267753,1,2,0,0,49.9,0,0,3,5,2,0.2857,0
2,10,7,4,7.241915,80.961928,167136,2,2,5,0,58.5,47.9,0,2,2,7,0.3333,1
10,28,7,1,7.988837,81.815505,590785,2,3,9,0,64.2,58.6,0,6,1,2,0.1538,0
1,11,5,2,6.356169,80.619527,456699,2,3,4,0,25.1,71.2,0,2,2,2,0.1818,0
11,27,3,1,8.770886,80.014388,660086,2,5,8,0,30.4,39.3,0,3,2,6,0.3158,1
8,6,3,2,7.008846,80.732474,349565,1,1,0,0,12.2,0,0,4,5,5,0.3846,0
12,2,5,2,6.963883,81.73874,802729,2,2,8,0,24.3,21.8,0,2,3,1,0.0769,0
10,1,4,3,8.50554,81.373942,148050,3,1,5,7,37.5,18.3,10.7,1,1,6,0.4286,0
9,24,7,2,7.560322,80.651736,671412,1,1,0,0,36.2,0,0,1,5,7,0.3889,0
8,8,2,3,7.335406,81.874036,518801,3,2,4,6,36.7,26.7,37.6,3,1,6,0.6,0
5,15,5,4,6.089891,80.674517,946335,2,2,4,0,45.8,82.2,0,2,5,4,0.3077,0
2,12,2,1,6.896743,81.708882,585100,2,3,6,0,24.4,37.3,0,5,1,2,0.2,0
4,24,6,1,6.697742,80.483828,738551,2,2,3,0,42.6,118.3,0,3,1,2,0.25,1
4,18,4,4,8.177447,81.221195,479201,1,2,0,0,41.4,0,0,1,2,2,0.1667,0
11,16,1,3,8.816011,80.866167,809570,2,7,8,0,9.1,47.1,0,3,4,3,0.2,1
6,16,2,1,8.177447,81.221195,479201,3,2,6,7,57.6,30.2,3.4,1,2,2,0.1667,0
7,6,5,2,6.045512,80.35346,961722,3,1,5,6,18.4,60.8,26.2,4,1,4,0.2667,1
9,2,5,2,7.335406,81.874036,518801,1,8,0,0,56.5,0,0,6,1,6,0.6,0
12,13,6,4,6.1178,81.8784,202664,1,2,0,0,53.4,0,0,1,7,5,0.3125,0
10,2,2,4,6.975496,81.713622,497887,3,2,7,9,61.5,8.7,72.2,2,2,5,0.4545,1
9,4,1,2,8.496623,80.440084,201639,2,4,9,0,59.9,95.8,0,3,3,5,0.2941,0
10,22,3,3,6.544268,80.59243,944962,3,1,3,5,39.5,82.7,86.6,3,2,2,0.1667,0
3,18,2,3,6.527925,81.784585,391369,2,1,9,0,34.4,66.3,0,5,1,2,0.2,1
11,24,7,1,8.579908,79.90545,112038,1,6,0,0,15.9,0,0,2,6,3,0.25,1
6,25,1,2,6.963883,81.73874,802729,2,1,6,0,11.8,42.2,0,4,5,1,0.0769,1
5,24,1,4,9.353018,81.761697,352572,1,5,0,0,88.3,0,0,1,2,2,0.2222,0
9,5,6,1,5.977703,79.857976,976638,1,7,0,0,3.2,0,0,5,5,8,0.5333,0
2,8,4,1,9.724883,80.494132,230889,1,6,0,0,54.0,0,0,1,5,5,0.4167,0
1,19,7,4,8.220801,79.666036,341292,2,1,5,0,14.8,73.0,0,1,3,2,0.25,0
3,1,1,2,7.241915,80.961928,167136,2,2,8,0,44.9,41.5,0,1,4,7,0.3333,0
3,16,7,1,8.50554,81.373942,148050,2,7,9,0,8.1,58.2,0,1,2,6,0.4286,0
3,18,2,4,6.896743,81.708882,585100,2,5,9,0,44.0,29.4,0,2,2,2,0.2,1
7,18,2,1,9.552052,81.334241,322086,1,6,0,0,27.6,0,0,2,7,4,0.2105,0
1,14,6,2,8.816011,80.866167,809570,1,2,0,0,34.8,0,0,3,5,3,0.2,0
4,14,4,1,5.977703,79.857976,976638,2,6,7,0,29.7,14.3,0,3,2,8,0.5333,0
3,3,4,3,6.949851,80.766307,854639,2,2,7,0,71.1,13.2,0,6,2,4,0.3333,0
3,21,5,2,8.855932,81.363975,663054,1,9,0,0,95.9,0,0,1,1,7,0.3889,0
6,3,2,3,9.01703,80.591417,267753,1,9,0,0,76.3,0,0,3,8,2,0.2857,0
3,22,5,3,6.355304,81.303658,770487,2,2,6,0,48.2,44.3,0,4,7,2,0.1818,0
4,3,3,4,6.356169,80.619527,456699,2,2,9,0,60.3,53.9,0,2,1,2,0.1818,0
11,21,7,4,7.560322,80.651736,671412,1,1,0,0,16.9,0,0,1,1,7,0.3889,0
12,19,5,1,8.770886,80.014388,660086,1,6,0,0,56.1,0,0,2,2,6,0.3158,1
10,17,4,1,7.066327,81.051867,678856,2,4,8,0,83.3,40.7,0,3,8,0,0.0,0
5,15,5,1,8.172988,80.191884,698782,3,2,4,8,57.8,66.5,43.4,4,2,6,0.4,0
4,5,6,4,7.746066,81.275839,531071,1,3,0,0,49.8,0,0,6,8,1,0.1111,0
8,5,7,3,8.387613,80.16054,842225,1,9,0,0,88.7,0,0,1,1,2,0.1538,0
9,17,7,1,9.233703,80.996309,476417,2,1,3,0,36.9,97.5,0,3,2,3,0.1579,0
3,11,5,1,9.2384,80.020874,890170,3,5,7,8,63.7,7.3,49.2,2,1,4,0.3077,1
6,8,1,3,5.996154,81.72189,612340,1,5,0,0,96.1,0,0,2,4,2,0.1538,1
7,5,3,3,5.996154,81.72189,612340,2,1,8,0,17.8,57.8,0,1,2,2,0.1538,0
4,9,7,1,7.335406,81.874036,518801,3,2,4,7,48.4,74.8,4.2,4,3,6,0.6,1
7,23,1,1,7.006877,81.067576,498591,3,2,3,4,52.0,89.4,42.3,2,3,2,0.125,0
4,21,2,2,7.912248,79.852728,245051,2,1,9,0,35.9,97.4,0,4,2,4,0.5,1
12,23,5,1,6.178797,81.686294,380746,3,1,3,6,31.3,116.8,29.8,1,1,4,0.3636,0
4,11,6,2,8.496623,80.440084,201639,2,6,8,0,35.4,52.3,0,6,6,5,0.2941,1
10,16,2,2,9.079367,81.558806,564656,2,7,8,0,8.3,40.1,0,1,6,3,0.2143,0
9,10,2,1,6.437339,81.736197,665427,2,6,9,0,47.9,32.8,0,1,5,3,0.3,0
6,4,6,2,6.356169,80.619527,456699,3,1,4,5,15.2,24.4,38.3,4,1,2,0.1818,0
3,3,4,1,6.527925,81.784585,391369,1,8,0,0,47.9,0,0,1,1,2,0.2,0
9,26,3,4,7.241915,80.961928,167136,3,1,6,9,19.7,45.2,61.7,5,6,7,0.3333,1
11,25,3,3,6.896743,81.708882,585100,3,3,4,9,50.9,44.0,49.5,1,3,2,0.2,0
12,18,3,3,9.079367,81.558806,564656,1,1,0,0,37.7,0,0,1,8,3,0.2143,0
9,19,6,2,7.778354,80.876062,791798,2,1,6,0,38.2,43.6,0,5,1,5,0.3125,0
6,19,7,1,9.077313,80.074614,595948,3,4,7,9,68.5,9.8,41.7,6,4,4,0.3333,1
2,10,4,4,8.816011,80.866167,809570,1,9,0,0,37.0,0,0,3,5,3,0.2,0
8,17,6,3,6.1178,81.8784,202664,2,2,7,0,40.9,13.1,0,3,5,5,0.3125,0
12,19,3,3,7.714111,80.240683,774079,1,3,0,0,118.6,0,0,3,2,2,0.25,0
4,28,7,2,6.437339,81.736197,665427,1,3,0,0,37.9,0,0,7,4,3,0.3,0
6,28,1,1,6.896743,81.708882,585100,2,1,4,0,25.5,59.3,0,7,1,2,0.2,0
7,26,3,2,7.983205,81.002704,377932,2,1,2,0,25.4,78.4,0,3,3,3,0.1875,0
9,3,2,1,9.079367,81.558806,564656,2,7,8,0,6.8,18.8,0,4,1,3,0.2143,0
7,9,1,1,6.089891,80.674517,946335,2,3,5,0,38.3,80.3,0,1,8,4,0.3077,0
6,25,4,4,6.527925,81.784585,391369,2,5,9,0,74.2,35.6,0,6,2,2,0.2,1
12,21,3,2,9.264292,81.582259,183667,1,8,0,0,44.8,0,0,1,4,2,0.1818,0
10,2,2,2,6.792754,81.292331,356787,1,1,0,0,37.1,0,0,5,1,3,0.3333,0
11,18,5,4,7.241915,80.961928,167136,2,1,3,0,21.7,69.5,0,7,3,7,0.3333,1
5,23,5,2,6.892246,80.074166,214576,2,6,7,0,18.4,6.8,0,5,4,2,0.3333,0
11,22,5,4,6.697455,81.099242,688508,3,3,4,6,108.2,52.1,10.5,1,2,1,0.1111,0
2,4,4,2,6.1178,81.8784,202664,1,7,0,0,5.8,0,0,1,1,5,0.3125,0
1,28,6,1,9.552052,81.334241,322086,2,1,3,0,19.6,89.9,0,2,8,4,0.2105,0
6,18,6,2,7.241915,80.961928,167136,3,1,2,5,12.0,35.7,18.4,1,5,7,0.3333,0
3,3,7,3,8.177447,81.221195,479201,1,8,0,0,12.5,0,0,6,2,2,0.1667,0
6,10,5,4,7.746066,81.275839,531071,2,1,4,0,18.6,80.3,0,1,4,1,0.1111,0
7,20,2,4,7.778354,80.876062,791798,1,9,0,0,75.5,0,0,3,8,5,0.3125,0
6,16,3,1,6.963883,81.73874,802729,2,3,5,0,111.2,17.2,0,3,5,1,0.0769,0
11,23,5,2,6.468113,80.059178,570405,2,5,8,0,94.7,36.6,0,3,5,3,0.1765,0
1,20,6,1,8.832907,80.851919,358607,2,1,9,0,14.6,28.4,0,2,3,0,0.0,0
4,20,6,4,7.560322,80.651736,671412,3,3,6,7,59.0,46.4,7.8,2,1,7,0.3889,1
1,9,7,4,9.281174,79.808012,132938,1,7,0,0,7.6,0,0,1,1,3,0.25,1
11,20,7,2,5.932689,81.260265,575763,1,3,0,0,111.7,0,0,2,4,7,0.5,0
9,24,5,2,8.097673,81.17669,821590,1,3,0,0,118.3,0,0,1,8,5,0.3333,0
8,2,1,3,8.816011,80.866167,809570,2,4,5,0,42.5,31.4,0,1,1,3,0.2,0
11,12,1,2,7.241915,80.961928,167136,1,9,0,0,46.2,0,0,3,3,7,0.3333,0
8,5,1,2,7.983205,81.002704,377932,1,5,0,0,56.2,0,0,1,1,3,0.1875,0
8,4,7,4,8.855932,81.363975,663054,3,4,6,9,23.2,53.2,79.3,1,3,7,0.3889,0
6,14,5,3,6.356169,80.619527,456699,2,8,9,0,32.9,65.4,0,6,1,2,0.1818,0
2,15,7,1,7.905035,79.887296,287330,2,2,7,0,68.2,3.1,0,2,3,6,0.2609,0
2,12,5,1,7.335406,81.874036,518801,1,1,0,0,14.4,0,0,2,4,6,0.6,0
9,1,6,1,9.51131,80.985646,656116,1,6,0,0,55.6,0,0,5,3,1,0.0909,0
1,22,7,3,9.724883,80.494132,230889,3,1,3,5,36.7,94.2,28.2,1,1,5,0.4167,0
10,24,5,1,8.461023,80.626963,804314,2,3,7,0,38.5,13.5,0,3,4,2,0.2,1
7,11,3,4,6.468113,80.059178,570405,2,6,7,0,24.0,12.4,0,2,7,3,0.1765,1
12,19,2,1,6.468113,80.059178,570405,2,6,7,0,38.8,3.0,0,1,2,3,0.1765,0
4,27,7,3,9.2384,80.020874,890170,2,2,7,0,28.8,3.3,0,1,5,4,0.3077,0
4,2,3,4,8.496623,80.440084,201639,2,1,7,0,15.8,4.0,0,3,1,5,0.2941,0
8,14,7,4,6.355304,81.303658,770487,3,3,4,5,108.0,38.5,86.3,5,2,2,0.1818,1
6,1,3,3,7.905035,79.887296,287330,1,8,0,0,53.7,0,0,1,4,6,0.2609,0
9,14,2,3,7.066327,81.051867,678856,1,3,0,0,69.9,0,0,7,1,0,0.0,0
6,25,5,3,8.832907,80.851919,358607,2,5,6,0,74.3,35.2,0,1,7,0,0.0,0
11,26,5,3,8.097673,81.17669,821590,1,9,0,0,61.3,0,0,1,1,5,0.3333,1
8,5,1,3,6.355304,81.303658,770487,2,5,8,0,32.0,11.3,0,1,1,2,0.1818,1
5,11,1,1,9.079367,81.558806,564656,1,6,0,0,27.4,0,0,4,1,3,0.2143,0
12,12,4,4,6.706501,80.345127,823378,2,5,7,0,79.4,11.4,0,4,4,0,0.0,0
3,17,5,3,7.066327,81.051867,678856,2,8,9,0,39.1,95.4,0,4,4,0,0.0,0
4,7,4,2,9.074489,80.183979,972064,1,7,0,0,13.7,0,0,3,7,1,0.0625,0
3,22,6,2,5.932689,81.260265,575763,2,5,8,0,89.7,14.6,0,5,1,7,0.5,0
9,23,5,1,8.002881,79.930446,897549,2,2,9,0,69.1,93.9,0,2,1,2,0.1818,0
4,10,4,3,7.560322,80.651736,671412,2,7,9,0,6.4,50.7,0,4,8,7,0.3889,1
8,24,2,3,7.241915,80.961928,167136,2,6,8,0,49.1,44.8,0,1,1,7,0.3333,0
2,22,2,4,5.932689,81.260265,575763,2,8,9,0,34.0,67.3,0,3,2,7,0.5,1
12,13,3,3,9.724883,80.494132,230889,1,5,0,0,52.8,0,0,5,1,5,0.4167,1
1,15,5,3,9.079367,81.558806,564656,1,2,0,0,20.7,0,0,4,3,3,0.2143,0
12,18,6,3,6.706501,80.345127,823378,2,2,4,0,73.5,52.1,0,1,6,0,0.0,0
1,24,2,1,7.006877,81.067576,498591,2,1,7,0,21.2,11.4,0,3,1,2,0.125,0
8,24,4,2,7.006877,81.067576,498591,2,8,9,0,16.5,76.4,0,6,1,2,0.125,0
10,9,2,4,7.983205,81.002704,377932,1,5,0,0,18.4,0,0,6,2,3,0.1875,1
11,12,7,4,9.079367,81.558806,564656,1,1,0,0,35.2,0,0,5,2,3,0.2143,0
1,6,4,1,5.996154,81.72189,612340,1,8,0,0,24.3,0,0,4,5,2,0.1538,0
9,7,7,4,8.097673,81.17669,821590,1,7,0,0,5.0,0,0,2,6,5,0.3333,0
8,27,5,3,6.199184,81.066002,779514,1,8,0,0,23.7,0,0,1,4,4,0.3077,0
8,23,6,4,6.1178,81.8784,202664,2,5,6,0,50.6,18.1,0,2,5,5,0.3125,1
4,19,5,4,8.496623,80.440084,201639,2,1,9,0,28.2,72.7,0,3,1,5,0.2941,1
8,10,2,2,8.855932,81.363975,663054,3,1,6,9,24.5,19.8,50.7,3,4,7,0.3889,0
10,16,2,1,7.241915,80.961928,167136,2,2,3,0,50.5,95.1,0,3,2,7,0.3333,0
3,22,2,4,8.496623,80.440084,201639,1,8,0,0,19.8,0,0,4,1,5,0.2941,0
5,14,4,3,8.832907,80.851919,358607,2,2,3,0,47.9,51.9,0,1,4,0,0.0,0
4,11,4,3,6.356169,80.619527,456699,1,2,0,0,69.3,0,0,7,4,2,0.1818,1
12,12,2,1,5.977703,79.857976,976638,2,3,4,0,37.5,45.7,0,1,2,8,0.5333,1
6,19,5,2,7.983205,81.002704,377932,1,5,0,0,46.0,0,0,7,8,3,0.1875,1
7,3,1,2,6.963883,81.73874,802729,2,5,7,0,70.0,14.5,0,1,1,1,0.0769,0
9,10,7,4,6.792754,81.292331,356787,2,1,7,0,14.4,11.0,0,1,5,3,0.3333,1
8,8,1,1,8.781759,81.469732,189814,3,3,6,9,43.9,59.9,21.3,3,1,3,0.2727,0
11,22,5,2,7.905035,79.887296,287330,1,3,0,0,91.4,0,0,3,1,6,0.2609,0
9,11,4,1,8.579908,79.90545,112038,2,1,4,0,17.3,84.7,0,1,3,3,0.25,1
2,5,6,3,5.932689,81.260265,575763,3,2,4,8,78.2,73.8,10.3,6,2,7,0.5,0
3,21,7,1,8.387613,80.16054,842225,2,1,2,0,19.4,37.9,0,1,8,2,0.1538,0
8,15,7,3,9.51131,80.985646,656116,2,3,7,0,101.7,12.6,0,1,1,1,0.0909,0
1,25,6,4,7.746066,81.275839,531071,1,7,0,0,4.2,0,0,6,5,1,0.1111,1
3,3,6,3,8.002881,79.930446,897549,2,3,8,0,40.6,42.0,0,3,2,2,0.1818,0
5,2,2,4,6.1178,81.8784,202664,1,4,0,0,41.1,0,0,1,1,5,0.3125,0
10,25,7,4,6.356169,80.619527,456699,2,1,2,0,16.5,28.3,0,3,5,2,0.1818,0
9,18,3,3,6.963883,81.73874,802729,2,3,6,0,70.9,16.1,0,1,1,1,0.0769,0
2,20,3,2,7.685311,80.20283,642717,2,4,5,0,23.7,24.6,0,1,6,1,0.0714,0
2,5,1,3,9.353018,81.761697,352572,1,8,0,0,53.6,0,0,3,4,2,0.2222,1
8,25,3,1,6.706501,80.345127,823378,2,1,5,0,23.7,96.9,0,1,2,0,0.0,0
4,12,6,4,6.437339,81.736197,665427,1,3,0,0,55.2,0,0,4,1,3,0.3,0
6,5,6,2,6.089891,80.674517,946335,1,2,0,0,74.0,0,0,2,2,4,0.3077,0
3,13,2,2,6.544268,80.59243,944962,1,7,0,0,7.1,0,0,5,1,2,0.1667,1
10,13,7,2,7.802111,81.57817,609231,2,2,9,0,55.5,41.9,0,3,2,2,0.1667,0
3,27,6,2,9.552052,81.334241,322086,1,6,0,0,43.8,0,0,1,2,4,0.2105,0
7,7,5,1,9.552052,81.334241,322086,2,1,2,0,12.2,54.3,0,1,2,4,0.2105,0
8,22,1,2,6.468113,80.059178,570405,2,5,8,0,42.4,46.5,0,1,1,3,0.1765,0
8,8,6,1,9.077313,80.074614,595948,1,6,0,0,37.7,0,0,1,3,4,0.3333,0
8,10,2,2,7.494249,80.406645,163556,1,1,0,0,20.8,0,0,1,4,3,0.25,1
6,6,6,1,5.932689,81.260265,575763,2,4,5,0,37.5,20.8,0,1,1,7,0.5,1
1,3,3,3,6.829704,80.992502,329258,1,2,0,0,42.9,0,0,7,1,2,0.2857,0
4,17,6,4,6.792754,81.292331,356787,1,6,0,0,50.9,0,0,7,2,3,0.3333,1
5,23,3,1,9.074489,80.183979,972064,1,1,0,0,37.3,0,0,4,6,1,0.0625,0
6,16,5,1,8.387613,80.16054,842225,3,1,2,8,34.6,54.0,59.5,6,2,2,0.1538,1
10,25,2,2,5.932689,81.260265,575763,2,1,2,0,19.3,65.9,0,5,2,7,0.5,1
10,16,3,2,7.560322,80.651736,671412,2,3,7,0,34.8,11.2,0,1,7,7,0.3889,1
3,9,7,4,7.42444,80.978831,166613,2,2,6,0,48.1,13.8,0,4,1,4,0.2857,0
8,6,2,3,7.983205,81.002704,377932,1,4,0,0,27.7,0,0,1,1,3,0.1875,0
3,21,6,4,9.074489,80.183979,972064,1,4,0,0,51.5,0,0,2,1,1,0.0625,1
2,20,5,4,7.685311,80.20283,642717,2,1,8,0,37.3,38.6,0,1,3,1,0.0714,0
1,10,3,1,9.281174,79.808012,132938,2,7,8,0,7.9,27.6,0,3,2,3,0.25,0
3,28,5,4,8.855932,81.363975,663054,2,3,5,0,37.3,65.4,0,2,1,7,0.3889,1
11,27,7,3,7.494249,80.406645,163556,2,5,9,0,73.2,58.5,0,2,1,3,0.25,0
8,27,7,4,6.1178,81.8784,202664,2,1,4,0,18.7,55.5,0,6,5,5,0.3125,1
10,26,5,2,8.172988,80.191884,698782,2,5,8,0,88.1,59.5,0,2,3,6,0.4,0
7,15,5,4,9.724883,80.494132,230889,1,6,0,0,37.7,0,0,3,5,5,0.4167,0
4,13,6,4,7.241915,80.961928,167136,1,9,0,0,89.6,0,0,1,7,7,0.3333,0
2,9,6,4,7.006877,81.067576,498591,2,2,5,0,79.7,74.2,0,1,2,2,0.125,0
8,8,3,3,6.045512,80.35346,961722,2,3,7,0,64.6,11.8,0,2,1,4,0.2667,0
11,14,3,1,6.706501,80.345127,823378,3,3,6,8,116.9,14.9,20.9,7,2,0,0.0,0
1,5,2,1,7.912248,79.852728,245051,1,1,0,0,33.8,0,0,1,5,4,0.5,0
12,27,4,3,6.319642,80.497238,452944,1,4,0,0,50.0,0,0,7,2,2,0.1667,0
8,21,5,1,6.199184,81.066002,779514,1,2,0,0,42.7,0,0,1,1,4,0.3077,0
9,6,6,1,7.685311,80.20283,642717,3,4,7,8,40.4,11.3,50.9,5,2,1,0.0714,0
2,9,3,3,7.905035,79.887296,287330,2,4,6,0,82.7,19.1,0,1,4,6,0.2609,0
6,14,3,4,8.387613,80.16054,842225,2,1,8,0,15.2,30.1,0,3,4,2,0.1538,0
6,19,3,4,6.527925,81.784585,391369,2,3,5,0,22.5,66.6,0,2,8,2,0.2,0
6,7,2,4,8.475011,81.090981,806073,2,5,9,0,71.2,43.8,0,1,2,4,0.3333,0
6,6,1,3,7.685311,80.20283,642717,2,6,7,0,20.7,9.7,0,7,7,1,0.0714,0
1,3,4,4,8.461023,80.626963,804314,2,1,5,0,19.9,18.7,0,3,2,2,0.2,0
1,5,6,4,7.983205,81.002704,377932,3,2,3,8,58.5,61.6,32.8,5,3,3,0.1875,0
12,25,4,1,7.802111,81.57817,609231,1,5,0,0,99.8,0,0,4,2,2,0.1667,1
11,18,1,3,7.569714,79.716448,719176,1,5,0,0,93.3,0,0,2,1,3,0.2308,1
12,13,4,2,8.205731,81.652145,883300,2,6,8,0,43.9,25.0,0,7,6,1,0.0909,0
6,23,5,3,9.233703,80.996309,476417,2,4,5,0,35.3,37.2,0,6,2,3,0.1579,0
8,19,1,3,9.51131,80.985646,656116,2,2,6,0,68.5,15.0,0,3,1,1,0.0909,0
6,6,4,4,6.468113,80.059178,570405,1,1,0,0,37.7,0,0,3,3,3,0.1765,0
6,12,3,3,7.685311,80.20283,642717,3,1,7,8,29.0,10.0,41.0,2,1,1,0.0714,1
8,23,3,4,7.066327,81.051867,678856,1,1,0,0,19.1,0,0,2,1,0,0.0,0
1,5,3,3,7.241915,80.961928,167136,1,5,0,0,50.5,0,0,2,4,7,0.3333,0
7,1,6,2,6.527925,81.784585,391369,1,9,0,0,93.5,0,0,6,2,2,0.2,0
12,26,4,2,8.496623,80.440084,201639,1,8,0,0,55.2,0,0,1,4,5,0.2941,0
12,14,1,2,8.924106,79.774742,983794,1,5,0,0,20.3,0,0,3,1,3,0.2308,0
12,4,3,4,6.1178,81.8784,202664,2,3,4,0,70.1,52.1,0,6,1,5,0.3125,0
3,24,2,4,7.983205,81.002704,377932,3,6,8,9,40.9,55.9,92.3,7,5,3,0.1875,0
8,15,1,1,8.475011,81.090981,806073,2,3,8,0,67.1,24.0,0,1,6,4,0.3333,0
11,13,6,4,8.097673,81.17669,821590,1,7,0,0,5.1,0,0,1,3,5,0.3333,0
5,23,3,4,8.387613,80.16054,842225,1,1,0,0,36.1,0,0,6,1,2,0.1538,0
9,25,7,2,5.932689,81.260265,575763,2,6,9,0,21.9,42.1,0,3,1,7,0.5,1
11,4,3,4,9.077313,80.074614,595948,1,6,0,0,54.4,0,0,2,2,4,0.3333,0
1,22,4,1,9.074489,80.183979,972064,2,2,9,0,28.6,52.0,0,3,1,1,0.0625,0
7,18,7,4,9.353018,81.761697,352572,2,3,4,0,20.4,60.0,0,3,1,2,0.2222,0
5,17,7,1,7.714111,80.240683,774079,2,7,9,0,11.5,48.4,0,6,1,2,0.25,1
